id,title,content,date_posted,author_id
1,Announcement,The Official Halo Streaming Website for the Fan Community!,2020-01-06 08:25:21.734008,1
3,Your Advice,Please give me your feedback about the website,2020-01-06 08:40:06.330897,1
8,Félicitations,"WoooW Adrien bravo! Je n'imaginais pas réussir.

Continue comme ça",2020-01-08 11:08:30,13
11,Glok,Pas mal pour un glok,2020-01-09 17:01:05.427170,15
12,Hello,Bien frero,2020-01-12 07:14:03.337075,16
13,beau travail,travail d artiste,2020-01-12 17:16:44.427641,17
14,WOOOW SO COOL,Nice bro,2020-01-16 12:19:52.005138,18
